date,rate
2021-01-01,0.25
2021-02-01,0.25
2021-03-01,0.25
2021-04-01,0.25
2021-05-03,0.25
2021-06-01,0.25
2021-07-01,0.25
2021-08-02,0.25
2021-09-01,0.25
2021-10-01,0.25
2021-11-01,0.25
2021-12-01,0.25
2022-01-04,0.25
2022-02-01,0.25
2022-03-01,0.25
2022-04-01,0.50
2022-05-02,1.00
2022-06-01,1.00
2022-07-01,1.50
2022-08-01,2.50
2022-09-01,2.50
2022-10-03,3.25
2022-11-01,3.75
2022-12-01,3.75
2023-01-03,4.25
2023-02-01,4.50
2023-03-01,4.50
2023-04-03,4.50
2023-05-01,4.50
2023-06-01,4.50
2023-07-03,4.75
2023-08-01,5.00
2023-09-01,5.00
2023-10-02,5.00
2023-11-01,5.00
2023-12-01,5.00
2024-01-02,5.00
2024-02-01,5.00
2024-03-01,5.00
2024-04-01,5.00
2024-05-01,5.00
2024-06-03,5.00
2024-07-01,4.75
2024-08-01,4.50
2024-09-02,4.50
2024-10-01,4.25
2024-11-01,3.75
2024-12-02,3.75
2025-01-01,3.25
2025-02-03,3.00
2025-03-03,3.00
2025-04-01,2.75
2025-05-01,2.75
2025-06-02,2.75
2025-07-01,2.75
2025-08-01,2.75
2025-09-01,2.75
2025-10-01,2.50
2025-11-03,2.25
2025-12-01,2.25
2026-01-01,2.25
2026-02-02,2.25
2026-03-02,2.25
2026-04-01,2.25
2026-05-01,2.25
2026-06-01,2.25
2026-07-01,2.25
2026-08-03,2.25
2026-09-01,2.25
